tag,x,y,direction,x_variance,y_variance,xy_covariance
blue,-12.56258,-47.72453,0.0,0.01,0.01,0.0
blue,-12.1204,-49.38686,0.0,0.01,0.01,0.0
blue,-11.60989,-51.0855,0.0,0.01,0.01,0.0
blue,-10.965589999999999,-52.79916,0.0,0.01,0.01,0.0
blue,-10.08484,-54.50849,0.0,0.01,0.01,0.0
blue,-8.764315,-56.13889,0.0,0.01,0.01,0.0
blue,-7.042822,-57.32252,0.0,0.01,0.01,0.0
blue,-5.253563,-58.06873,0.0,0.01,0.01,0.0
blue,-3.468813,-58.5559,0.0,0.01,0.01,0.0
blue,-1.705197,-58.88723,0.0,0.01,0.01,0.0
blue,0.03300017,-59.12571,0.0,0.01,0.01,0.0
blue,1.7267689999999998,-59.31633000000001,0.0,0.01,0.01,0.0
blue,3.41739,-59.511680000000005,0.0,0.01,0.01,0.0
blue,5.215779,-59.65288,0.0,0.01,0.01,0.0
blue,6.978661,-59.694269999999996,0.0,0.01,0.01,0.0
blue,8.716159,-59.6763,0.0,0.01,0.01,0.0
blue,10.42339,-59.62501999999999,0.0,0.01,0.01,0.0
blue,12.12382,-59.56864,0.0,0.01,0.01,0.0
blue,13.8158,-59.51684,0.0,0.01,0.01,0.0
blue,15.494279999999998,-59.50181,0.0,0.01,0.01,0.0
blue,17.19112,-59.50156,0.0,0.01,0.01,0.0
blue,18.88795,-59.5013,0.0,0.01,0.01,0.0
blue,20.584789999999998,-59.50105,0.0,0.01,0.01,0.0
blue,22.28164,-59.50079,0.0,0.01,0.01,0.0
blue,23.97847,-59.50054,0.0,0.01,0.01,0.0
blue,25.67531,-59.500280000000004,0.0,0.01,0.01,0.0
blue,27.34403,-59.53819,0.0,0.01,0.01,0.0
blue,29.048470000000002,-59.58916,0.0,0.01,0.01,0.0
blue,30.82583,-59.58925,0.0,0.01,0.01,0.0
blue,32.65911,-59.44119,0.0,0.01,0.01,0.0
blue,34.4763,-59.146280000000004,0.0,0.01,0.01,0.0
blue,36.48877,-58.421640000000004,0.0,0.01,0.01,0.0
blue,38.13216,-57.29226,0.0,0.01,0.01,0.0
blue,39.49893,-54.71618,0.0,0.01,0.01,0.0
blue,38.03924,-52.194320000000005,0.0,0.01,0.01,0.0
blue,36.28282,-51.12715,0.0,0.01,0.01,0.0
blue,34.14883,-50.595420000000004,0.0,0.01,0.01,0.0
blue,32.3301,-50.52386,0.0,0.01,0.01,0.0
blue,30.65043,-50.4743,0.0,0.01,0.01,0.0
blue,28.90072,-50.46111,0.0,0.01,0.01,0.0
blue,27.197540000000004,-50.48151,0.0,0.01,0.01,0.0
blue,25.49814,-50.49807,0.0,0.01,0.01,0.0
blue,23.798779999999997,-50.498540000000006,0.0,0.01,0.01,0.0
blue,22.09941,-50.498999999999995,0.0,0.01,0.01,0.0
blue,20.40005,-50.49947,0.0,0.01,0.01,0.0
blue,18.7007,-50.49994,0.0,0.01,0.01,0.0
blue,17.00134,-50.5004,0.0,0.01,0.01,0.0
blue,15.2862,-50.50822,0.0,0.01,0.01,0.0
blue,13.584489999999999,-50.54647,0.0,0.01,0.01,0.0
blue,11.88687,-50.5837,0.0,0.01,0.01,0.0
blue,10.2288,-50.59068,0.0,0.01,0.01,0.0
blue,8.617191,-50.53069,0.0,0.01,0.01,0.0
blue,6.903903,-50.4164,0.0,0.01,0.01,0.0
blue,5.223192,-50.32215,0.0,0.01,0.01,0.0
blue,3.6446199999999997,-50.16146,0.0,0.01,0.01,0.0
blue,2.215255,-49.85229,0.0,0.01,0.01,0.0
blue,1.122366,-49.34872,0.0,0.01,0.01,0.0
blue,0.5595289000000001,-48.627829999999996,0.0,0.01,0.01,0.0
blue,0.5790102,-48.23939,0.0,0.01,0.01,0.0
blue,1.051642,-47.685759999999995,0.0,0.01,0.01,0.0
blue,2.199077,-47.320609999999995,0.0,0.01,0.01,0.0
blue,3.64716,-47.21161,0.0,0.01,0.01,0.0
blue,5.236308999999999,-47.272690000000004,0.0,0.01,0.01,0.0
blue,6.920234,-47.40466,0.0,0.01,0.01,0.0
blue,8.710312,-47.502140000000004,0.0,0.01,0.01,0.0
blue,10.44417,-47.48097,0.0,0.01,0.01,0.0
blue,12.13295,-47.48236,0.0,0.01,0.01,0.0
blue,13.82815,-47.49055,0.0,0.01,0.01,0.0
blue,15.52334,-47.49875,0.0,0.01,0.01,0.0
blue,17.21854,-47.50694,0.0,0.01,0.01,0.0
blue,18.915689999999998,-47.51786,0.0,0.01,0.01,0.0
blue,20.617810000000002,-47.53575,0.0,0.01,0.01,0.0
blue,22.31993,-47.55363,0.0,0.01,0.01,0.0
blue,24.022660000000002,-47.570609999999995,0.0,0.01,0.01,0.0
blue,25.73592,-47.572070000000004,0.0,0.01,0.01,0.0
blue,27.456770000000002,-47.55338,0.0,0.01,0.01,0.0
blue,29.182879999999997,-47.506240000000005,0.0,0.01,0.01,0.0
blue,30.812359999999998,-47.49745,0.0,0.01,0.01,0.0
blue,32.54438,-47.51548,0.0,0.01,0.01,0.0
blue,34.42429,-47.395959999999995,0.0,0.01,0.01,0.0
blue,36.48757,-46.83358,0.0,0.01,0.01,0.0
blue,38.2934,-45.61652,0.0,0.01,0.01,0.0
blue,39.476659999999995,-42.85857,0.0,0.01,0.01,0.0
blue,38.09711,-40.546009999999995,0.0,0.01,0.01,0.0
blue,36.30857,-39.34267,0.0,0.01,0.01,0.0
blue,34.28138,-38.77133,0.0,0.01,0.01,0.0
blue,32.43547,-38.59787,0.0,0.01,0.01,0.0
blue,30.73518,-38.527809999999995,0.0,0.01,0.01,0.0
blue,29.00575,-38.44042,0.0,0.01,0.01,0.0
blue,27.257929999999998,-38.42224,0.0,0.01,0.01,0.0
blue,25.53653,-38.44271,0.0,0.01,0.01,0.0
blue,23.84064,-38.47518,0.0,0.01,0.01,0.0
blue,22.15721,-38.49949,0.0,0.01,0.01,0.0
blue,20.45719,-38.4996,0.0,0.01,0.01,0.0
blue,18.757170000000002,-38.49973,0.0,0.01,0.01,0.0
blue,17.05714,-38.49984,0.0,0.01,0.01,0.0
blue,15.357120000000002,-38.499970000000005,0.0,0.01,0.01,0.0
blue,13.657110000000001,-38.50008,0.0,0.01,0.01,0.0
blue,11.957089999999999,-38.500209999999996,0.0,0.01,0.01,0.0
blue,10.241060000000001,-38.50711,0.0,0.01,0.01,0.0
blue,8.537821000000001,-38.54707,0.0,0.01,0.01,0.0
blue,6.889425999999999,-38.56103,0.0,0.01,0.01,0.0
blue,5.2795440000000005,-38.4679,0.0,0.01,0.01,0.0
blue,3.6312279999999997,-38.34364,0.0,0.01,0.01,0.0
blue,2.2743450000000003,-38.08685,0.0,0.01,0.01,0.0
blue,1.378228,-37.53752,0.0,0.01,0.01,0.0
blue,0.6321018,-36.61217,0.0,0.01,0.01,0.0
blue,0.5142131,-36.220279999999995,0.0,0.01,0.01,0.0
blue,1.120954,-35.43764,0.0,0.01,0.01,0.0
blue,2.035592,-34.87965,0.0,0.01,0.01,0.0
blue,3.363218,-34.62754,0.0,0.01,0.01,0.0
blue,4.956716,-34.55118,0.0,0.01,0.01,0.0
blue,6.706681,-34.49467,0.0,0.01,0.01,0.0
blue,8.339858,-34.43247,0.0,0.01,0.01,0.0
blue,10.00415,-34.42902,0.0,0.01,0.01,0.0
blue,11.694,-34.45192,0.0,0.01,0.01,0.0
blue,13.39546,-34.48141,0.0,0.01,0.01,0.0
blue,15.11408,-34.5,0.0,0.01,0.01,0.0
blue,16.81278,-34.50005,0.0,0.01,0.01,0.0
blue,18.51148,-34.5001,0.0,0.01,0.01,0.0
blue,20.21017,-34.50015,0.0,0.01,0.01,0.0
blue,21.90887,-34.5002,0.0,0.01,0.01,0.0
blue,23.607570000000003,-34.500240000000005,0.0,0.01,0.01,0.0
blue,25.306279999999997,-34.50029,0.0,0.01,0.01,0.0
blue,26.96048,-34.5363,0.0,0.01,0.01,0.0
blue,28.657009999999996,-34.608259999999994,0.0,0.01,0.01,0.0
blue,30.40376,-34.65488,0.0,0.01,0.01,0.0
blue,32.23082,-34.59527,0.0,0.01,0.01,0.0
blue,34.09482,-34.319309999999994,0.0,0.01,0.01,0.0
blue,35.99429,-33.760220000000004,0.0,0.01,0.01,0.0
blue,37.84623,-32.54126,0.0,0.01,0.01,0.0
blue,39.23379,-30.6971,0.0,0.01,0.01,0.0
blue,38.889179999999996,-27.66191,0.0,0.01,0.01,0.0
blue,37.35595,-26.10582,0.0,0.01,0.01,0.0
blue,35.414359999999995,-25.08462,0.0,0.01,0.01,0.0
blue,33.53106,-24.6616,0.0,0.01,0.01,0.0
blue,31.72788,-24.43843,0.0,0.01,0.01,0.0
blue,29.91423,-24.37661,0.0,0.01,0.01,0.0
blue,28.174740000000003,-24.41102,0.0,0.01,0.01,0.0
blue,26.47227,-24.46823,0.0,0.01,0.01,0.0
blue,24.81161,-24.49994,0.0,0.01,0.01,0.0
blue,23.11122,-24.49996,0.0,0.01,0.01,0.0
blue,21.410829999999997,-24.499979999999997,0.0,0.01,0.01,0.0
blue,19.71043,-24.50001,0.0,0.01,0.01,0.0
blue,18.01005,-24.50003,0.0,0.01,0.01,0.0
blue,16.30965,-24.50005,0.0,0.01,0.01,0.0
blue,14.60926,-24.50008,0.0,0.01,0.01,0.0
blue,12.90887,-24.5001,0.0,0.01,0.01,0.0
blue,11.20848,-24.500120000000003,0.0,0.01,0.01,0.0
blue,9.508091,-24.50014,0.0,0.01,0.01,0.0
blue,7.807701,-24.50017,0.0,0.01,0.01,0.0
blue,6.054794,-24.55614,0.0,0.01,0.01,0.0
blue,4.459087,-24.590770000000003,0.0,0.01,0.01,0.0
blue,3.026295,-24.40888,0.0,0.01,0.01,0.0
blue,1.7103099999999998,-24.031129999999997,0.0,0.01,0.01,0.0
blue,1.024394,-23.45857,0.0,0.01,0.01,0.0
blue,0.5354365,-22.45394,0.0,0.01,0.01,0.0
blue,0.6297027,-21.703889999999998,0.0,0.01,0.01,0.0
blue,1.265808,-20.628239999999998,0.0,0.01,0.01,0.0
blue,2.135672,-19.90776,0.0,0.01,0.01,0.0
blue,3.299088,-19.42922,0.0,0.01,0.01,0.0
blue,4.6657839999999995,-19.2901,0.0,0.01,0.01,0.0
blue,6.246157,-19.34345,0.0,0.01,0.01,0.0
blue,7.951028,-19.46106,0.0,0.01,0.01,0.0
blue,9.730416,-19.49985,0.0,0.01,0.01,0.0
blue,11.43035,-19.49993,0.0,0.01,0.01,0.0
blue,13.130320000000001,-19.5,0.0,0.01,0.01,0.0
blue,14.830279999999998,-19.50007,0.0,0.01,0.01,0.0
blue,16.53022,-19.50014,0.0,0.01,0.01,0.0
blue,18.230179999999997,-19.50021,0.0,0.01,0.01,0.0
blue,19.93011,-19.50028,0.0,0.01,0.01,0.0
blue,21.63008,-19.50035,0.0,0.01,0.01,0.0
blue,23.33002,-19.500429999999998,0.0,0.01,0.01,0.0
blue,25.02998,-19.5005,0.0,0.01,0.01,0.0
blue,26.711809999999996,-19.5348,0.0,0.01,0.01,0.0
blue,28.417379999999998,-19.57262,0.0,0.01,0.01,0.0
blue,30.19075,-19.56038,0.0,0.01,0.01,0.0
blue,31.94296,-19.439770000000003,0.0,0.01,0.01,0.0
blue,33.72906,-19.27492,0.0,0.01,0.01,0.0
blue,35.75286,-18.764329999999998,0.0,0.01,0.01,0.0
blue,37.58409,-17.51912,0.0,0.01,0.01,0.0
blue,38.93845,-15.853589999999999,0.0,0.01,0.01,0.0
blue,39.385329999999996,-13.09469,0.0,0.01,0.01,0.0
blue,38.158409999999996,-11.02937,0.0,0.01,0.01,0.0
blue,36.57826,-9.700365,0.0,0.01,0.01,0.0
blue,34.50323,-8.868497,0.0,0.01,0.01,0.0
blue,32.62165,-8.618314,0.0,0.01,0.01,0.0
blue,30.92613,-8.498581,0.0,0.01,0.01,0.0
blue,29.138820000000003,-8.41463,0.0,0.01,0.01,0.0
blue,27.39204,-8.414774000000001,0.0,0.01,0.01,0.0
blue,25.6828,-8.449398,0.0,0.01,0.01,0.0
blue,23.98497,-8.489141,0.0,0.01,0.01,0.0
blue,22.299310000000002,-8.498419,0.0,0.01,0.01,0.0
blue,20.60024,-8.499016000000001,0.0,0.01,0.01,0.0
blue,18.90119,-8.499613,0.0,0.01,0.01,0.0
blue,17.20212,-8.500209,0.0,0.01,0.01,0.0
blue,15.503079999999999,-8.500805,0.0,0.01,0.01,0.0
blue,13.80287,-8.511122,0.0,0.01,0.01,0.0
blue,12.101289999999999,-8.532982,0.0,0.01,0.01,0.0
blue,10.414819999999999,-8.547234,0.0,0.01,0.01,0.0
blue,8.774594,-8.517014,0.0,0.01,0.01,0.0
blue,7.081214999999999,-8.444529,0.0,0.01,0.01,0.0
blue,5.411514,-8.367693,0.0,0.01,0.01,0.0
blue,3.834973,-8.214634,0.0,0.01,0.01,0.0
blue,2.4188549999999998,-7.911144,0.0,0.01,0.01,0.0
blue,1.228416,-7.368662,0.0,0.01,0.01,0.0
blue,0.727603,-6.839866000000001,0.0,0.01,0.01,0.0
blue,0.5087550000000001,-5.633926,0.0,0.01,0.01,0.0
blue,0.6213632,-4.444017,0.0,0.01,0.01,0.0
blue,1.1237139999999999,-3.703149,0.0,0.01,0.01,0.0
blue,2.118643,-2.995854,0.0,0.01,0.01,0.0
blue,3.317575,-2.672791,0.0,0.01,0.01,0.0
blue,4.842771,-2.552716,0.0,0.01,0.01,0.0
blue,6.525741,-2.523128,0.0,0.01,0.01,0.0
blue,8.211266,-2.473836,0.0,0.01,0.01,0.0
blue,9.882726,-2.4811400000000003,0.0,0.01,0.01,0.0
blue,11.58314,-2.4989470000000003,0.0,0.01,0.01,0.0
blue,13.287560000000001,-2.49896,0.0,0.01,0.01,0.0
blue,14.991979999999998,-2.498973,0.0,0.01,0.01,0.0
blue,16.69637,-2.498986,0.0,0.01,0.01,0.0
blue,18.39923,-2.495316,0.0,0.01,0.01,0.0
blue,20.09744,-2.480718,0.0,0.01,0.01,0.0
blue,21.770889999999998,-2.480506,0.0,0.01,0.01,0.0
blue,23.375,-2.549887,0.0,0.01,0.01,0.0
blue,25.04545,-2.7037009999999997,0.0,0.01,0.01,0.0
blue,26.76725,-2.858767,0.0,0.01,0.01,0.0
blue,28.53805,-2.925753,0.0,0.01,0.01,0.0
blue,30.21453,-2.995135,0.0,0.01,0.01,0.0
blue,32.04124,-3.003172,0.0,0.01,0.01,0.0
blue,34.05648,-2.707975,0.0,0.01,0.01,0.0
blue,35.99139,-1.7868509999999997,0.0,0.01,0.01,0.0
blue,37.54309,-0.5747894,0.0,0.01,0.01,0.0
blue,38.88705,1.069041,0.0,0.01,0.01,0.0
blue,39.46031,3.66643,0.0,0.01,0.01,0.0
blue,38.43438,5.885483,0.0,0.01,0.01,0.0
blue,36.99608,7.3258410000000005,0.0,0.01,0.01,0.0
blue,35.38577,8.424736,0.0,0.01,0.01,0.0
blue,33.394740000000006,9.188993,0.0,0.01,0.01,0.0
blue,31.47549,9.442707,0.0,0.01,0.01,0.0
blue,29.690890000000003,9.483564999999999,0.0,0.01,0.01,0.0
blue,27.9971,9.479261,0.0,0.01,0.01,0.0
blue,26.315170000000002,9.529672,0.0,0.01,0.01,0.0
blue,24.58164,9.533633,0.0,0.01,0.01,0.0
blue,22.87893,9.515107,0.0,0.01,0.01,0.0
blue,21.17679,9.501041,0.0,0.01,0.01,0.0
blue,19.47654,9.500878,0.0,0.01,0.01,0.0
blue,17.77627,9.500715,0.0,0.01,0.01,0.0
blue,16.076,9.500552,0.0,0.01,0.01,0.0
blue,14.375729999999999,9.500389,0.0,0.01,0.01,0.0
blue,12.675510000000001,9.500227,0.0,0.01,0.01,0.0
blue,10.97524,9.500063,0.0,0.01,0.01,0.0
blue,9.274974,9.4999,0.0,0.01,0.01,0.0
blue,7.559596000000001,9.498211999999999,0.0,0.01,0.01,0.0
blue,5.815105,9.409833,0.0,0.01,0.01,0.0
blue,4.398605,9.432871,0.0,0.01,0.01,0.0
blue,3.011212,9.789428,0.0,0.01,0.01,0.0
blue,1.7381389999999999,10.33513,0.0,0.01,0.01,0.0
blue,1.0398040000000002,10.955810000000001,0.0,0.01,0.01,0.0
blue,0.6170598,12.0924,0.0,0.01,0.01,0.0
blue,0.5114356,13.33025,0.0,0.01,0.01,0.0
blue,0.786849,14.576820000000001,0.0,0.01,0.01,0.0
blue,1.313585,15.38076,0.0,0.01,0.01,0.0
blue,2.4012740000000004,16.077360000000002,0.0,0.01,0.01,0.0
blue,3.698646,16.56439,0.0,0.01,0.01,0.0
blue,5.067808,16.73493,0.0,0.01,0.01,0.0
blue,6.6328830000000005,16.70881,0.0,0.01,0.01,0.0
blue,8.306453,16.59477,0.0,0.01,0.01,0.0
blue,10.0846,16.50175,0.0,0.01,0.01,0.0
blue,11.79325,16.500529999999998,0.0,0.01,0.01,0.0
blue,13.49399,16.50044,0.0,0.01,0.01,0.0
blue,15.19474,16.500339999999998,0.0,0.01,0.01,0.0
blue,16.89544,16.500239999999998,0.0,0.01,0.01,0.0
blue,18.59618,16.50015,0.0,0.01,0.01,0.0
blue,20.29693,16.50005,0.0,0.01,0.01,0.0
blue,21.99767,16.49995,0.0,0.01,0.01,0.0
blue,23.69837,16.49986,0.0,0.01,0.01,0.0
blue,25.39912,16.499760000000002,0.0,0.01,0.01,0.0
blue,27.08282,16.48126,0.0,0.01,0.01,0.0
blue,28.80472,16.452379999999998,0.0,0.01,0.01,0.0
blue,30.6018,16.52185,0.0,0.01,0.01,0.0
blue,32.30297,16.61092,0.0,0.01,0.01,0.0
blue,34.2309,16.87426,0.0,0.01,0.01,0.0
blue,36.31378,17.83902,0.0,0.01,0.01,0.0
blue,37.78722,19.226570000000002,0.0,0.01,0.01,0.0
blue,38.943659999999994,20.94324,0.0,0.01,0.01,0.0
blue,39.49224,23.33173,0.0,0.01,0.01,0.0
blue,38.78332,25.57433,0.0,0.01,0.01,0.0
blue,37.57479,27.227929999999997,0.0,0.01,0.01,0.0
blue,36.05538,28.56744,0.0,0.01,0.01,0.0
blue,33.856840000000005,29.44802,0.0,0.01,0.01,0.0
blue,31.90502,29.527340000000002,0.0,0.01,0.01,0.0
blue,30.28332,29.49946,0.0,0.01,0.01,0.0
blue,28.560679999999998,29.54252,0.0,0.01,0.01,0.0
blue,26.841859999999997,29.54413,0.0,0.01,0.01,0.0
blue,25.14045,29.5288,0.0,0.01,0.01,0.0
blue,23.43905,29.51347,0.0,0.01,0.01,0.0
blue,21.73781,29.50065,0.0,0.01,0.01,0.0
blue,20.03742,29.500490000000003,0.0,0.01,0.01,0.0
blue,18.33698,29.50034,0.0,0.01,0.01,0.0
blue,16.63653,29.500190000000003,0.0,0.01,0.01,0.0
blue,14.93609,29.50003,0.0,0.01,0.01,0.0
blue,13.23565,29.499879999999997,0.0,0.01,0.01,0.0
blue,11.535260000000001,29.49973,0.0,0.01,0.01,0.0
blue,9.817467,29.484540000000003,0.0,0.01,0.01,0.0
blue,8.119978999999999,29.44238,0.0,0.01,0.01,0.0
blue,6.545786,29.46745,0.0,0.01,0.01,0.0
blue,4.936756,29.63284,0.0,0.01,0.01,0.0
blue,3.430172,29.889459999999996,0.0,0.01,0.01,0.0
blue,2.298331,30.311120000000003,0.0,0.01,0.01,0.0
blue,1.406577,31.115270000000002,0.0,0.01,0.01,0.0
blue,0.8550934000000001,32.17307,0.0,0.01,0.01,0.0
blue,0.5313245,33.49895,0.0,0.01,0.01,0.0
blue,0.5923487,34.67638,0.0,0.01,0.01,0.0
blue,1.0159049999999998,35.81736,0.0,0.01,0.01,0.0
blue,1.832784,36.81905,0.0,0.01,0.01,0.0
blue,2.7234830000000003,37.44623,0.0,0.01,0.01,0.0
blue,3.914275,37.63597,0.0,0.01,0.01,0.0
blue,5.473835,37.59215,0.0,0.01,0.01,0.0
blue,7.2360809999999995,37.500209999999996,0.0,0.01,0.01,0.0
blue,8.966177,37.51084,0.0,0.01,0.01,0.0
blue,10.66461,37.5097,0.0,0.01,0.01,0.0
blue,12.36299,37.50857,0.0,0.01,0.01,0.0
blue,14.06143,37.50743,0.0,0.01,0.01,0.0
blue,15.75986,37.5063,0.0,0.01,0.01,0.0
blue,17.458289999999998,37.50516,0.0,0.01,0.01,0.0
blue,19.15672,37.50403,0.0,0.01,0.01,0.0
blue,20.85511,37.50289,0.0,0.01,0.01,0.0
blue,22.553539999999998,37.50175,0.0,0.01,0.01,0.0
blue,24.25198,37.50062,0.0,0.01,0.01,0.0
blue,25.89825,37.48701,0.0,0.01,0.01,0.0
blue,27.54812,37.38204,0.0,0.01,0.01,0.0
blue,29.2757,37.266059999999996,0.0,0.01,0.01,0.0
blue,31.10687,37.2453,0.0,0.01,0.01,0.0
blue,33.07871,37.49261,0.0,0.01,0.01,0.0
blue,34.95661,38.153079999999996,0.0,0.01,0.01,0.0
blue,36.67092,39.121520000000004,0.0,0.01,0.01,0.0
blue,38.26556,40.63687,0.0,0.01,0.01,0.0
blue,39.21407,42.59046,0.0,0.01,0.01,0.0
blue,39.47416,44.89119,0.0,0.01,0.01,0.0
blue,38.79742,46.99305,0.0,0.01,0.01,0.0
blue,37.63544,48.72367,0.0,0.01,0.01,0.0
blue,35.86874,50.07027,0.0,0.01,0.01,0.0
blue,34.07228,50.825309999999995,0.0,0.01,0.01,0.0
blue,32.17326,51.29159,0.0,0.01,0.01,0.0
blue,30.31928,51.45407,0.0,0.01,0.01,0.0
blue,28.5701,51.48379,0.0,0.01,0.01,0.0
blue,26.898159999999997,51.4971,0.0,0.01,0.01,0.0
blue,25.16321,51.521229999999996,0.0,0.01,0.01,0.0
blue,23.45834,51.51381,0.0,0.01,0.01,0.0
blue,21.75814,51.50347,0.0,0.01,0.01,0.0
blue,20.05711,51.4999,0.0,0.01,0.01,0.0
blue,18.35566,51.49971,0.0,0.01,0.01,0.0
blue,16.654220000000002,51.49953,0.0,0.01,0.01,0.0
blue,14.952820000000001,51.49935,0.0,0.01,0.01,0.0
blue,13.251339999999999,51.4972,0.0,0.01,0.01,0.0
blue,11.54947,51.47526,0.0,0.01,0.01,0.0
blue,9.849615,51.45432,0.0,0.01,0.01,0.0
blue,8.193275,51.46365,0.0,0.01,0.01,0.0
blue,6.542681,51.53399,0.0,0.01,0.01,0.0
blue,4.944361,51.651070000000004,0.0,0.01,0.01,0.0
blue,3.567131,51.957570000000004,0.0,0.01,0.01,0.0
blue,2.1606959999999997,52.49247,0.0,0.01,0.01,0.0
blue,1.175188,53.12088000000001,0.0,0.01,0.01,0.0
blue,0.7487261,53.97354,0.0,0.01,0.01,0.0
blue,0.5164353,55.3219,0.0,0.01,0.01,0.0
blue,0.5644670999999999,56.722030000000004,0.0,0.01,0.01,0.0
blue,0.8696719,58.0877,0.0,0.01,0.01,0.0
blue,1.37909,59.0509,0.0,0.01,0.01,0.0
blue,2.360824,59.82155,0.0,0.01,0.01,0.0
blue,3.6294269999999997,60.42799,0.0,0.01,0.01,0.0
blue,4.838869,60.66724,0.0,0.01,0.01,0.0
blue,6.370227,60.616519999999994,0.0,0.01,0.01,0.0
blue,8.134236,60.50342,0.0,0.01,0.01,0.0
blue,9.851252,60.5009,0.0,0.01,0.01,0.0
blue,11.55262,60.5008,0.0,0.01,0.01,0.0
blue,13.25394,60.500690000000006,0.0,0.01,0.01,0.0
blue,14.95531,60.50059,0.0,0.01,0.01,0.0
blue,16.656679999999998,60.50048,0.0,0.01,0.01,0.0
blue,18.35805,60.50037,0.0,0.01,0.01,0.0
blue,20.05936,60.50026999999999,0.0,0.01,0.01,0.0
blue,21.76073,60.50016,0.0,0.01,0.01,0.0
blue,23.4621,60.50006,0.0,0.01,0.01,0.0
blue,25.16347,60.49995,0.0,0.01,0.01,0.0
blue,26.82055,60.48911,0.0,0.01,0.01,0.0
blue,28.503859999999996,60.409330000000004,0.0,0.01,0.01,0.0
blue,30.32343,60.38655,0.0,0.01,0.01,0.0
blue,32.23837,60.628409999999995,0.0,0.01,0.01,0.0
blue,34.006809999999994,61.033,0.0,0.01,0.01,0.0
blue,35.83265,61.67711,0.0,0.01,0.01,0.0
blue,37.6884,62.91197,0.0,0.01,0.01,0.0
blue,38.91341,64.79538000000001,0.0,0.01,0.01,0.0
blue,39.50217,66.76183,0.0,0.01,0.01,0.0
blue,39.51828,68.96056,0.0,0.01,0.01,0.0
blue,38.90433,70.94833,0.0,0.01,0.01,0.0
blue,37.637809999999995,72.81113,0.0,0.01,0.01,0.0
blue,35.887840000000004,74.0248,0.0,0.01,0.01,0.0
blue,34.117490000000004,74.76529000000001,0.0,0.01,0.01,0.0
blue,32.35335,75.27329,0.0,0.01,0.01,0.0
blue,30.476059999999997,75.61703,0.0,0.01,0.01,0.0
blue,28.609170000000002,75.68048,0.0,0.01,0.01,0.0
blue,26.85486,75.60953,0.0,0.01,0.01,0.0
blue,25.174979999999998,75.51949,0.0,0.01,0.01,0.0
blue,23.5262,75.50041,0.0,0.01,0.01,0.0
blue,21.82846,75.5004,0.0,0.01,0.01,0.0
blue,20.13071,75.5004,0.0,0.01,0.01,0.0
blue,18.43297,75.5004,0.0,0.01,0.01,0.0
blue,16.73528,75.50039,0.0,0.01,0.01,0.0
blue,15.037529999999999,75.50038,0.0,0.01,0.01,0.0
blue,13.339789999999999,75.50038,0.0,0.01,0.01,0.0
blue,11.64205,75.50036999999999,0.0,0.01,0.01,0.0
blue,9.944355999999999,75.50036999999999,0.0,0.01,0.01,0.0
blue,8.277575,75.5138,0.0,0.01,0.01,0.0
blue,6.567544,75.56604,0.0,0.01,0.01,0.0
blue,4.728322,75.53429,0.0,0.01,0.01,0.0
blue,2.927538,75.31149,0.0,0.01,0.01,0.0
blue,1.155538,74.98808000000001,0.0,0.01,0.01,0.0
blue,-0.6566380999999999,74.48214,0.0,0.01,0.01,0.0
blue,-2.431623,73.65496999999999,0.0,0.01,0.01,0.0
blue,-3.9742,72.70538,0.0,0.01,0.01,0.0
blue,-5.436844000000001,71.65913,0.0,0.01,0.01,0.0
blue,-6.828975999999999,70.51794,0.0,0.01,0.01,0.0
blue,-8.147072,69.27081,0.0,0.01,0.01,0.0
blue,-9.374007,67.89095999999999,0.0,0.01,0.01,0.0
blue,-10.46753,66.32343,0.0,0.01,0.01,0.0
blue,-11.3115,64.59961,0.0,0.01,0.01,0.0
blue,-11.91652,62.85333000000001,0.0,0.01,0.01,0.0
blue,-12.36365,61.10645,0.0,0.01,0.01,0.0
blue,-12.702060000000001,59.36628,0.0,0.01,0.01,0.0
blue,-12.96544,57.635659999999994,0.0,0.01,0.01,0.0
blue,-13.17809,55.917559999999995,0.0,0.01,0.01,0.0
blue,-13.36495,54.21515,0.0,0.01,0.01,0.0
blue,-13.54515,52.506530000000005,0.0,0.01,0.01,0.0
blue,-13.673379999999998,50.75022,0.0,0.01,0.01,0.0
blue,-13.73935,49.007490000000004,0.0,0.01,0.01,0.0
blue,-13.76176,47.27534,0.0,0.01,0.01,0.0
blue,-13.75025,45.55277,0.0,0.01,0.01,0.0
blue,-13.71485,43.842859999999995,0.0,0.01,0.01,0.0
blue,-13.66717,42.14223,0.0,0.01,0.01,0.0
blue,-13.619489999999999,40.441559999999996,0.0,0.01,0.01,0.0
blue,-13.5718,38.74087,0.0,0.01,0.01,0.0
blue,-13.52656,37.0431,0.0,0.01,0.01,0.0
blue,-13.50242,35.36594,0.0,0.01,0.01,0.0
blue,-13.50043,33.67029,0.0,0.01,0.01,0.0
blue,-13.50049,31.97062,0.0,0.01,0.01,0.0
blue,-13.50055,30.270970000000002,0.0,0.01,0.01,0.0
blue,-13.50061,28.5713,0.0,0.01,0.01,0.0
blue,-13.500670000000001,26.87169,0.0,0.01,0.01,0.0
blue,-13.500729999999999,25.17203,0.0,0.01,0.01,0.0
blue,-13.5008,23.47237,0.0,0.01,0.01,0.0
blue,-13.500860000000001,21.77271,0.0,0.01,0.01,0.0
blue,-13.50092,20.07309,0.0,0.01,0.01,0.0
blue,-13.500979999999998,18.37343,0.0,0.01,0.01,0.0
blue,-13.50104,16.67377,0.0,0.01,0.01,0.0
blue,-13.50111,14.974110000000001,0.0,0.01,0.01,0.0
blue,-13.501170000000002,13.27445,0.0,0.01,0.01,0.0
blue,-13.50123,11.57484,0.0,0.01,0.01,0.0
blue,-13.50129,9.875175,0.0,0.01,0.01,0.0
blue,-13.50135,8.175516,0.0,0.01,0.01,0.0
blue,-13.501420000000001,6.475854,0.0,0.01,0.01,0.0
blue,-13.501479999999999,4.776241000000001,0.0,0.01,0.01,0.0
blue,-13.501539999999999,3.07658,0.0,0.01,0.01,0.0
blue,-13.5016,1.376918,0.0,0.01,0.01,0.0
blue,-13.501660000000001,-0.3227435,0.0,0.01,0.01,0.0
blue,-13.501729999999998,-2.022405,0.0,0.01,0.01,0.0
blue,-13.50179,-3.722014,0.0,0.01,0.01,0.0
blue,-13.50185,-5.421676000000001,0.0,0.01,0.01,0.0
blue,-13.50191,-7.121337,0.0,0.01,0.01,0.0
blue,-13.501970000000002,-8.820999,0.0,0.01,0.01,0.0
blue,-13.50203,-10.520610000000001,0.0,0.01,0.01,0.0
blue,-13.5021,-12.22027,0.0,0.01,0.01,0.0
blue,-13.50216,-13.919939999999999,0.0,0.01,0.01,0.0
blue,-13.502220000000001,-15.6196,0.0,0.01,0.01,0.0
blue,-13.502279999999999,-17.31921,0.0,0.01,0.01,0.0
blue,-13.50234,-19.01887,0.0,0.01,0.01,0.0
blue,-13.502410000000001,-20.718529999999998,0.0,0.01,0.01,0.0
blue,-13.50247,-22.41819,0.0,0.01,0.01,0.0
blue,-13.510470000000002,-24.117929999999998,0.0,0.01,0.01,0.0
blue,-13.52865,-25.81772,0.0,0.01,0.01,0.0
blue,-13.546829999999998,-27.51755,0.0,0.01,0.01,0.0
blue,-13.565010000000001,-29.21739,0.0,0.01,0.01,0.0
blue,-13.58319,-30.91723,0.0,0.01,0.01,0.0
blue,-13.59004,-32.62559,0.0,0.01,0.01,0.0
blue,-13.583079999999999,-34.3407,0.0,0.01,0.01,0.0
blue,-13.5551,-36.062470000000005,0.0,0.01,0.01,0.0
blue,-13.495389999999999,-37.79247,0.0,0.01,0.01,0.0
blue,-13.42871,-39.49017,0.0,0.01,0.01,0.0
blue,-13.359739999999999,-41.19157,0.0,0.01,0.01,0.0
blue,-13.260029999999999,-42.9254,0.0,0.01,0.01,0.0
blue,-13.10062,-44.681129999999996,0.0,0.01,0.01,0.0
blue,-12.84041,-46.46508,0.0,0.01,0.01,0.0
yellow,-9.660934,-46.96266,0.0,0.01,0.01,0.0
yellow,-9.229265,-48.586090000000006,0.0,0.01,0.01,0.0
yellow,-8.761692,-50.14335,0.0,0.01,0.01,0.0
yellow,-8.210728,-51.6115,0.0,0.01,0.01,0.0
yellow,-7.538102,-52.922990000000006,0.0,0.01,0.01,0.0
yellow,-6.732079,-53.93229,0.0,0.01,0.01,0.0
yellow,-5.6551480000000005,-54.66281,0.0,0.01,0.01,0.0
yellow,-4.308704,-55.221419999999995,0.0,0.01,0.01,0.0
yellow,-2.814566,-55.62814,0.0,0.01,0.01,0.0
yellow,-1.237133,-55.924,0.0,0.01,0.01,0.0
yellow,0.39294959999999995,-56.1474,0.0,0.01,0.01,0.0
yellow,2.07785,-56.33695,0.0,0.01,0.01,0.0
yellow,3.7647199999999996,-56.531859999999995,0.0,0.01,0.01,0.0
yellow,5.355271,-56.65614,0.0,0.01,0.01,0.0
yellow,6.991185000000001,-56.694309999999994,0.0,0.01,0.01,0.0
yellow,8.653388,-56.677,0.0,0.01,0.01,0.0
yellow,10.34457,-56.62605,0.0,0.01,0.01,0.0
yellow,12.04227,-56.56975,0.0,0.01,0.01,0.0
yellow,13.748679999999998,-56.517619999999994,0.0,0.01,0.01,0.0
yellow,15.469920000000002,-56.50193,0.0,0.01,0.01,0.0
yellow,17.17308,-56.50166,0.0,0.01,0.01,0.0
yellow,18.87624,-56.50139,0.0,0.01,0.01,0.0
yellow,20.57941,-56.50111999999999,0.0,0.01,0.01,0.0
yellow,22.28257,-56.50085,0.0,0.01,0.01,0.0
yellow,23.98573,-56.50058000000001,0.0,0.01,0.01,0.0
yellow,25.68889,-56.50031,0.0,0.01,0.01,0.0
yellow,27.419140000000002,-56.53913000000001,0.0,0.01,0.01,0.0
yellow,29.113159999999997,-56.58988000000001,0.0,0.01,0.01,0.0
yellow,30.7354,-56.590630000000004,0.0,0.01,0.01,0.0
yellow,32.289390000000004,-56.46406999999999,0.0,0.01,0.01,0.0
yellow,33.827420000000004,-56.217369999999995,0.0,0.01,0.01,0.0
yellow,35.00833,-55.812580000000004,0.0,0.01,0.01,0.0
yellow,36.16722,-55.0256,0.0,0.01,0.01,0.0
yellow,36.500659999999996,-54.77789,0.0,0.01,0.01,0.0
yellow,36.163909999999994,-54.53566,0.0,0.01,0.01,0.0
yellow,35.01768,-53.846940000000004,0.0,0.01,0.01,0.0
yellow,33.86475,-53.58189,0.0,0.01,0.01,0.0
yellow,32.287009999999995,-53.523540000000004,0.0,0.01,0.01,0.0
yellow,30.568440000000002,-53.47314,0.0,0.01,0.01,0.0
yellow,28.918440000000004,-53.46103000000001,0.0,0.01,0.01,0.0
yellow,27.221890000000002,-53.48141,0.0,0.01,0.01,0.0
yellow,25.52153,-53.497980000000005,0.0,0.01,0.01,0.0
yellow,23.82089,-53.49845,0.0,0.01,0.01,0.0
yellow,22.12025,-53.49893,0.0,0.01,0.01,0.0
yellow,20.419620000000002,-53.4994,0.0,0.01,0.01,0.0
yellow,18.718989999999998,-53.499880000000005,0.0,0.01,0.01,0.0
yellow,17.01835,-53.50035,0.0,0.01,0.01,0.0
yellow,15.333570000000002,-53.507830000000006,0.0,0.01,0.01,0.0
yellow,13.63615,-53.54602,0.0,0.01,0.01,0.0
yellow,11.934610000000001,-53.5833,0.0,0.01,0.01,0.0
yellow,10.19283,-53.59045,0.0,0.01,0.01,0.0
yellow,8.407316,-53.523309999999995,0.0,0.01,0.01,0.0
yellow,6.728386,-53.41125,0.0,0.01,0.01,0.0
yellow,5.014517,-53.314859999999996,0.0,0.01,0.01,0.0
yellow,3.21152,-53.13001,0.0,0.01,0.01,0.0
yellow,1.322225,-52.7162,0.0,0.01,0.01,0.0
yellow,-0.6456772,-51.77203,0.0,0.01,0.01,0.0
yellow,-2.1763529999999998,-49.857079999999996,0.0,0.01,0.01,0.0
yellow,-2.140177,-46.97213,0.0,0.01,0.01,0.0
yellow,-0.3754385,-45.04724,0.0,0.01,0.01,0.0
yellow,1.6951650000000003,-44.3633,0.0,0.01,0.01,0.0
yellow,3.633257,-44.21165,0.0,0.01,0.01,0.0
yellow,5.440848,-44.27969,0.0,0.01,0.01,0.0
yellow,7.146524,-44.41321,0.0,0.01,0.01,0.0
yellow,8.750681,-44.50243,0.0,0.01,0.01,0.0
yellow,10.41641,-44.48114,0.0,0.01,0.01,0.0
yellow,12.12753,-44.482409999999994,0.0,0.01,0.01,0.0
yellow,13.832289999999999,-44.490629999999996,0.0,0.01,0.01,0.0
yellow,15.53704,-44.49885,0.0,0.01,0.01,0.0
yellow,17.2418,-44.50707,0.0,0.01,0.01,0.0
yellow,18.944570000000002,-44.51801,0.0,0.01,0.01,0.0
yellow,20.64227,-44.53585,0.0,0.01,0.01,0.0
yellow,22.33996,-44.553709999999995,0.0,0.01,0.01,0.0
yellow,24.03705,-44.57065,0.0,0.01,0.01,0.0
yellow,25.723760000000002,-44.572109999999995,0.0,0.01,0.01,0.0
yellow,27.40267,-44.553909999999995,0.0,0.01,0.01,0.0
yellow,29.0752,-44.508179999999996,0.0,0.01,0.01,0.0
yellow,30.84497,-44.49763,0.0,0.01,0.01,0.0
yellow,32.512609999999995,-44.515679999999996,0.0,0.01,0.01,0.0
yellow,34.0238,-44.42289,0.0,0.01,0.01,0.0
yellow,35.23273,-44.1088,0.0,0.01,0.01,0.0
yellow,36.23563,-43.434090000000005,0.0,0.01,0.01,0.0
yellow,36.50333,-43.25741,0.0,0.01,0.01,0.0
yellow,36.07781,-42.76449,0.0,0.01,0.01,0.0
yellow,35.05959,-42.07002,0.0,0.01,0.01,0.0
yellow,33.82063,-41.73572,0.0,0.01,0.01,0.0
yellow,32.2827,-41.59395,0.0,0.01,0.01,0.0
yellow,30.58588,-41.52407,0.0,0.01,0.01,0.0
yellow,28.91995,-41.43915,0.0,0.01,0.01,0.0
yellow,27.26817,-41.42218,0.0,0.01,0.01,0.0
yellow,25.58985,-41.442240000000005,0.0,0.01,0.01,0.0
yellow,23.88636,-41.47483,0.0,0.01,0.01,0.0
yellow,22.170170000000002,-41.49945,0.0,0.01,0.01,0.0
yellow,20.47019,-41.49957,0.0,0.01,0.01,0.0
yellow,18.770220000000002,-41.49969,0.0,0.01,0.01,0.0
yellow,17.07025,-41.49981,0.0,0.01,0.01,0.0
yellow,15.370270000000001,-41.49994,0.0,0.01,0.01,0.0
yellow,13.67031,-41.50005,0.0,0.01,0.01,0.0
yellow,11.97034,-41.50018,0.0,0.01,0.01,0.0
yellow,10.286480000000001,-41.50677,0.0,0.01,0.01,0.0
yellow,8.590631,-41.54661,0.0,0.01,0.01,0.0
yellow,6.839411,-41.5606,0.0,0.01,0.01,0.0
yellow,5.055704,-41.459540000000004,0.0,0.01,0.01,0.0
yellow,3.3139489999999996,-41.3268,0.0,0.01,0.01,0.0
yellow,1.339172,-40.93724,0.0,0.01,0.01,0.0
yellow,-0.6511855,-39.746759999999995,0.0,0.01,0.01,0.0
yellow,-2.013954,-38.0249,0.0,0.01,0.01,0.0
yellow,-2.2902560000000003,-35.15528,0.0,0.01,0.01,0.0
yellow,-0.9007658000000002,-33.22149,0.0,0.01,0.01,0.0
yellow,1.073832,-32.03821,0.0,0.01,0.01,0.0
yellow,3.07609,-31.64135,0.0,0.01,0.01,0.0
yellow,4.877689,-31.552220000000002,0.0,0.01,0.01,0.0
yellow,6.52564,-31.50015,0.0,0.01,0.01,0.0
yellow,8.289666,-31.4329,0.0,0.01,0.01,0.0
yellow,10.02524,-31.429140000000004,0.0,0.01,0.01,0.0
yellow,11.73504,-31.4522,0.0,0.01,0.01,0.0
yellow,13.433060000000001,-31.481640000000002,0.0,0.01,0.01,0.0
yellow,15.11418,-31.5,0.0,0.01,0.01,0.0
yellow,16.815479999999997,-31.500059999999998,0.0,0.01,0.01,0.0
yellow,18.51677,-31.50011,0.0,0.01,0.01,0.0
yellow,20.21805,-31.50017,0.0,0.01,0.01,0.0
yellow,21.91935,-31.50023,0.0,0.01,0.01,0.0
yellow,23.620639999999998,-31.50028,0.0,0.01,0.01,0.0
yellow,25.32195,-31.50034,0.0,0.01,0.01,0.0
yellow,27.0665,-31.53818,0.0,0.01,0.01,0.0
yellow,28.76693,-31.61027,0.0,0.01,0.01,0.0
yellow,30.41872,-31.65495,0.0,0.01,0.01,0.0
yellow,31.98885,-31.605079999999997,0.0,0.01,0.01,0.0
yellow,33.48574,-31.381790000000002,0.0,0.01,0.01,0.0
yellow,34.84523,-30.98917,0.0,0.01,0.01,0.0
yellow,35.808640000000004,-30.339409999999997,0.0,0.01,0.01,0.0
yellow,36.480940000000004,-29.5076,0.0,0.01,0.01,0.0
yellow,36.4025,-29.339209999999998,0.0,0.01,0.01,0.0
yellow,35.545559999999995,-28.49785,0.0,0.01,0.01,0.0
yellow,34.49793,-27.94117,0.0,0.01,0.01,0.0
yellow,33.065940000000005,-27.62531,0.0,0.01,0.01,0.0
yellow,31.4958,-27.42943,0.0,0.01,0.01,0.0
yellow,29.91224,-27.37657,0.0,0.01,0.01,0.0
yellow,28.252609999999997,-27.41,0.0,0.01,0.01,0.0
yellow,26.55705,-27.467029999999998,0.0,0.01,0.01,0.0
yellow,24.81853,-27.49993,0.0,0.01,0.01,0.0
yellow,23.11893,-27.49995,0.0,0.01,0.01,0.0
yellow,21.419320000000003,-27.49997,0.0,0.01,0.01,0.0
yellow,19.719720000000002,-27.499990000000004,0.0,0.01,0.01,0.0
yellow,18.02011,-27.500009999999996,0.0,0.01,0.01,0.0
yellow,16.3205,-27.50003,0.0,0.01,0.01,0.0
yellow,14.6209,-27.50005,0.0,0.01,0.01,0.0
yellow,12.921289999999999,-27.50007,0.0,0.01,0.01,0.0
yellow,11.221680000000001,-27.500090000000004,0.0,0.01,0.01,0.0
yellow,9.522076,-27.50011,0.0,0.01,0.01,0.0
yellow,7.822469,-27.50013,0.0,0.01,0.01,0.0
yellow,6.177612,-27.553620000000002,0.0,0.01,0.01,0.0
yellow,4.374918,-27.589540000000003,0.0,0.01,0.01,0.0
yellow,2.4389830000000003,-27.35081,0.0,0.01,0.01,0.0
yellow,0.49849090000000007,-26.7751,0.0,0.01,0.01,0.0
yellow,-1.405373,-25.21795,0.0,0.01,0.01,0.0
yellow,-2.376391,-23.17385,0.0,0.01,0.01,0.0
yellow,-2.159902,-20.601110000000002,0.0,0.01,0.01,0.0
yellow,-1.078402,-18.75628,0.0,0.01,0.01,0.0
yellow,0.6401403,-17.30718,0.0,0.01,0.01,0.0
yellow,2.615136,-16.5083,0.0,0.01,0.01,0.0
yellow,4.623124,-16.29044,0.0,0.01,0.01,0.0
yellow,6.4400010000000005,-16.34974,0.0,0.01,0.01,0.0
yellow,8.127067,-16.466260000000002,0.0,0.01,0.01,0.0
yellow,9.746114,-16.4999,0.0,0.01,0.01,0.0
yellow,11.44617,-16.49997,0.0,0.01,0.01,0.0
yellow,13.14626,-16.50004,0.0,0.01,0.01,0.0
yellow,14.84635,-16.50011,0.0,0.01,0.01,0.0
yellow,16.54641,-16.50018,0.0,0.01,0.01,0.0
yellow,18.246489999999998,-16.50026,0.0,0.01,0.01,0.0
yellow,19.94655,-16.500329999999998,0.0,0.01,0.01,0.0
yellow,21.646639999999998,-16.5004,0.0,0.01,0.01,0.0
yellow,23.3467,-16.50047,0.0,0.01,0.01,0.0
yellow,25.04678,-16.50054,0.0,0.01,0.01,0.0
yellow,26.76421,-16.53526,0.0,0.01,0.01,0.0
yellow,28.45781,-16.57292,0.0,0.01,0.01,0.0
yellow,30.083909999999996,-16.56229,0.0,0.01,0.01,0.0
yellow,31.7232,-16.44783,0.0,0.01,0.01,0.0
yellow,33.32222,-16.30268,0.0,0.01,0.01,0.0
yellow,34.5896,-15.999229999999999,0.0,0.01,0.01,0.0
yellow,35.54177,-15.321720000000001,0.0,0.01,0.01,0.0
yellow,36.33337,-14.36633,0.0,0.01,0.01,0.0
yellow,36.48973,-13.874039999999999,0.0,0.01,0.01,0.0
yellow,35.95722,-13.06749,0.0,0.01,0.01,0.0
yellow,34.940979999999996,-12.21402,0.0,0.01,0.01,0.0
yellow,33.87506,-11.80198,0.0,0.01,0.01,0.0
yellow,32.38808,-11.60918,0.0,0.01,0.01,0.0
yellow,30.692159999999998,-11.48944,0.0,0.01,0.01,0.0
yellow,29.083790000000004,-11.41409,0.0,0.01,0.01,0.0
yellow,27.430690000000002,-11.414480000000001,0.0,0.01,0.01,0.0
yellow,25.740679999999998,-11.448839999999999,0.0,0.01,0.01,0.0
yellow,24.03939,-11.48865,0.0,0.01,0.01,0.0
yellow,22.3252,-11.49831,0.0,0.01,0.01,0.0
yellow,20.62422,-11.49892,0.0,0.01,0.01,0.0
yellow,18.923270000000002,-11.49953,0.0,0.01,0.01,0.0
yellow,17.2223,-11.50014,0.0,0.01,0.01,0.0
yellow,15.52135,-11.50075,0.0,0.01,0.01,0.0
yellow,13.821629999999999,-11.51106,0.0,0.01,0.01,0.0
yellow,12.12341,-11.5329,0.0,0.01,0.01,0.0
yellow,10.41003,-11.54722,0.0,0.01,0.01,0.0
yellow,8.650977000000001,-11.514439999999999,0.0,0.01,0.01,0.0
yellow,6.9474860000000005,-11.44155,0.0,0.01,0.01,0.0
yellow,5.220889,-11.36163,0.0,0.01,0.01,0.0
yellow,3.414308,-11.18498,0.0,0.01,0.01,0.0
yellow,1.511012,-10.77047,0.0,0.01,0.01,0.0
yellow,-0.38133540000000005,-9.900143,0.0,0.01,0.01,0.0
yellow,-2.071385,-7.918214,0.0,0.01,0.01,0.0
yellow,-2.486686,-5.797212,0.0,0.01,0.01,0.0
yellow,-2.2627990000000002,-3.620158,0.0,0.01,0.01,0.0
yellow,-0.9533895,-1.538743,0.0,0.01,0.01,0.0
yellow,0.818217,-0.2927568,0.0,0.01,0.01,0.0
yellow,2.8816509999999997,0.295348,0.0,0.01,0.01,0.0
yellow,4.743926999999999,0.4456424,0.0,0.01,0.01,0.0
yellow,6.4604230000000005,0.47615909999999995,0.0,0.01,0.01,0.0
yellow,8.173325,0.5258925999999999,0.0,0.01,0.01,0.0
yellow,9.90178,0.5187997999999999,0.0,0.01,0.01,0.0
yellow,11.60112,0.5009938,0.0,0.01,0.01,0.0
yellow,13.29674,0.5009868,0.0,0.01,0.01,0.0
yellow,14.992360000000001,0.5009797,0.0,0.01,0.01,0.0
yellow,16.68795,0.5009725,0.0,0.01,0.01,0.0
yellow,18.3851,0.5046499,0.0,0.01,0.01,0.0
yellow,20.08676,0.519262,0.0,0.01,0.01,0.0
yellow,21.813270000000003,0.5191844,0.0,0.01,0.01,0.0
yellow,23.60524,0.44122970000000006,0.0,0.01,0.01,0.0
yellow,25.32049,0.28366399999999997,0.0,0.01,0.01,0.0
yellow,26.98491,0.13332529999999998,0.0,0.01,0.01,0.0
yellow,28.61089,0.07334042,0.0,0.01,0.01,0.0
yellow,30.3314,0.00257647,0.0,0.01,0.01,0.0
yellow,31.90366,-0.0063753130000000005,0.0,0.01,0.01,0.0
yellow,33.24675,0.1804644,0.0,0.01,0.01,0.0
yellow,34.361090000000004,0.731503,0.0,0.01,0.01,0.0
yellow,35.4859,1.608714,0.0,0.01,0.01,0.0
yellow,36.29585,2.580841,0.0,0.01,0.01,0.0
yellow,36.49393,3.226254,0.0,0.01,0.01,0.0
yellow,36.06862,4.040911,0.0,0.01,0.01,0.0
yellow,35.10503,4.9970040000000004,0.0,0.01,0.01,0.0
yellow,33.910309999999996,5.812666,0.0,0.01,0.01,0.0
yellow,32.74038,6.261337,0.0,0.01,0.01,0.0
yellow,31.291809999999998,6.448342,0.0,0.01,0.01,0.0
yellow,29.677870000000002,6.483598000000001,0.0,0.01,0.01,0.0
yellow,27.971659999999996,6.479388,0.0,0.01,0.01,0.0
yellow,26.25527,6.530284,0.0,0.01,0.01,0.0
yellow,24.58894,6.533645,0.0,0.01,0.01,0.0
yellow,22.89185,6.51514,0.0,0.01,0.01,0.0
yellow,21.1941,6.501091000000001,0.0,0.01,0.01,0.0
yellow,19.49434,6.500932,0.0,0.01,0.01,0.0
yellow,17.79457,6.500771,0.0,0.01,0.01,0.0
yellow,16.09479,6.500611,0.0,0.01,0.01,0.0
yellow,14.395010000000001,6.500452,0.0,0.01,0.01,0.0
yellow,12.69529,6.500292,0.0,0.01,0.01,0.0
yellow,10.995510000000001,6.500132,0.0,0.01,0.01,0.0
yellow,9.295733,6.4999720000000005,0.0,0.01,0.01,0.0
yellow,7.611124,6.498693,0.0,0.01,0.01,0.0
yellow,5.96031,6.413371,0.0,0.01,0.01,0.0
yellow,3.982242,6.461941,0.0,0.01,0.01,0.0
yellow,2.076777,6.938696,0.0,0.01,0.01,0.0
yellow,0.2343419,7.739468,0.0,0.01,0.01,0.0
yellow,-1.528797,9.406481,0.0,0.01,0.01,0.0
yellow,-2.3098360000000002,11.43464,0.0,0.01,0.01,0.0
yellow,-2.478704,13.572410000000001,0.0,0.01,0.01,0.0
yellow,-2.020211,15.634960000000001,0.0,0.01,0.01,0.0
yellow,-0.6770034,17.62475,0.0,0.01,0.01,0.0
yellow,1.080666,18.770979999999998,0.0,0.01,0.01,0.0
yellow,2.96272,19.47265,0.0,0.01,0.01,0.0
yellow,4.959864,19.73295,0.0,0.01,0.01,0.0
yellow,6.793169,19.70449,0.0,0.01,0.01,0.0
yellow,8.511657000000001,19.58774,0.0,0.01,0.01,0.0
yellow,10.12828,19.50141,0.0,0.01,0.01,0.0
yellow,11.81969,19.500410000000002,0.0,0.01,0.01,0.0
yellow,13.518989999999999,19.500329999999998,0.0,0.01,0.01,0.0
yellow,15.21829,19.500239999999998,0.0,0.01,0.01,0.0
yellow,16.91754,19.50015,0.0,0.01,0.01,0.0
yellow,18.61684,19.50007,0.0,0.01,0.01,0.0
yellow,20.31615,19.499979999999997,0.0,0.01,0.01,0.0
yellow,22.01545,19.49989,0.0,0.01,0.01,0.0
yellow,23.7147,19.49981,0.0,0.01,0.01,0.0
yellow,25.414,19.49972,0.0,0.01,0.01,0.0
yellow,27.130020000000002,19.48089,0.0,0.01,0.01,0.0
yellow,28.80756,19.45235,0.0,0.01,0.01,0.0
yellow,30.40677,19.51549,0.0,0.01,0.01,0.0
yellow,32.10082,19.60406,0.0,0.01,0.01,0.0
yellow,33.5387,19.79314,0.0,0.01,0.01,0.0
yellow,34.51688,20.2412,0.0,0.01,0.01,0.0
yellow,35.5121,21.181910000000002,0.0,0.01,0.01,0.0
yellow,36.255390000000006,22.2745,0.0,0.01,0.01,0.0
yellow,36.49834,23.15312,0.0,0.01,0.01,0.0
yellow,36.16155,24.11644,0.0,0.01,0.01,0.0
yellow,35.36483,25.19922,0.0,0.01,0.01,0.0
yellow,34.34073,26.10588,0.0,0.01,0.01,0.0
yellow,33.42033,26.480190000000004,0.0,0.01,0.01,0.0
yellow,31.97888,26.52825,0.0,0.01,0.01,0.0
yellow,30.20171,26.50057,0.0,0.01,0.01,0.0
yellow,28.5255,26.542740000000002,0.0,0.01,0.01,0.0
yellow,26.84447,26.54413,0.0,0.01,0.01,0.0
yellow,25.14595,26.528809999999996,0.0,0.01,0.01,0.0
yellow,23.447429999999997,26.513479999999998,0.0,0.01,0.01,0.0
yellow,21.748739999999998,26.50067,0.0,0.01,0.01,0.0
yellow,20.04918,26.50052,0.0,0.01,0.01,0.0
yellow,18.34958,26.50037,0.0,0.01,0.01,0.0
yellow,16.64998,26.500220000000002,0.0,0.01,0.01,0.0
yellow,14.950370000000001,26.50007,0.0,0.01,0.01,0.0
yellow,13.250770000000001,26.49992,0.0,0.01,0.01,0.0
yellow,11.551210000000001,26.49977,0.0,0.01,0.01,0.0
yellow,9.869318,26.484990000000003,0.0,0.01,0.01,0.0
yellow,8.167905000000001,26.4428,0.0,0.01,0.01,0.0
yellow,6.343519000000001,26.474290000000003,0.0,0.01,0.01,0.0
yellow,4.570501999999999,26.6553,0.0,0.01,0.01,0.0
yellow,2.727764,26.972890000000003,0.0,0.01,0.01,0.0
yellow,0.7020506999999999,27.7714,0.0,0.01,0.01,0.0
yellow,-0.9259011,29.22905,0.0,0.01,0.01,0.0
yellow,-1.967445,31.15677,0.0,0.01,0.01,0.0
yellow,-2.445464,33.12781,0.0,0.01,0.01,0.0
yellow,-2.336098,35.32697,0.0,0.01,0.01,0.0
yellow,-1.5608440000000001,37.35267,0.0,0.01,0.01,0.0
yellow,-0.24282289999999998,38.984970000000004,0.0,0.01,0.01,0.0
yellow,1.6628310000000002,40.2522,0.0,0.01,0.01,0.0
yellow,3.8086699999999998,40.63408,0.0,0.01,0.01,0.0
yellow,5.6464360000000005,40.58718,0.0,0.01,0.01,0.0
yellow,7.279112,40.49986,0.0,0.01,0.01,0.0
yellow,8.948845,40.51079,0.0,0.01,0.01,0.0
yellow,10.65045,40.50965,0.0,0.01,0.01,0.0
yellow,12.35201,40.508520000000004,0.0,0.01,0.01,0.0
yellow,14.05362,40.50739,0.0,0.01,0.01,0.0
yellow,15.75523,40.50625,0.0,0.01,0.01,0.0
yellow,17.45683,40.50512,0.0,0.01,0.01,0.0
yellow,19.15844,40.50399,0.0,0.01,0.01,0.0
yellow,20.86,40.50285,0.0,0.01,0.01,0.0
yellow,22.56161,40.50172,0.0,0.01,0.01,0.0
yellow,24.26321,40.50059,0.0,0.01,0.01,0.0
yellow,26.01651,40.48467,0.0,0.01,0.01,0.0
yellow,27.759529999999998,40.37458,0.0,0.01,0.01,0.0
yellow,29.4242,40.26238,0.0,0.01,0.01,0.0
yellow,30.99195,40.24309,0.0,0.01,0.01,0.0
yellow,32.38899,40.41211,0.0,0.01,0.01,0.0
yellow,33.71184,40.88258,0.0,0.01,0.01,0.0
yellow,34.955220000000004,41.58242,0.0,0.01,0.01,0.0
yellow,35.82707,42.38382,0.0,0.01,0.01,0.0
yellow,36.34922,43.48023,0.0,0.01,0.01,0.0
yellow,36.496390000000005,44.53034,0.0,0.01,0.01,0.0
yellow,36.11829,45.64349,0.0,0.01,0.01,0.0
yellow,35.39343,46.730340000000005,0.0,0.01,0.01,0.0
yellow,34.46226,47.42052,0.0,0.01,0.01,0.0
yellow,33.1268,47.97824,0.0,0.01,0.01,0.0
yellow,31.729029999999998,48.32472,0.0,0.01,0.01,0.0
yellow,30.197429999999997,48.45657,0.0,0.01,0.01,0.0
yellow,28.54733,48.48388,0.0,0.01,0.01,0.0
yellow,26.81945,48.49815,0.0,0.01,0.01,0.0
yellow,25.154889999999998,48.52127,0.0,0.01,0.01,0.0
yellow,23.45988,48.51381,0.0,0.01,0.01,0.0
yellow,21.760070000000002,48.50347,0.0,0.01,0.01,0.0
yellow,20.06106,48.4999,0.0,0.01,0.01,0.0
yellow,18.362460000000002,48.49973,0.0,0.01,0.01,0.0
yellow,16.663870000000003,48.49955,0.0,0.01,0.01,0.0
yellow,14.965320000000002,48.49938,0.0,0.01,0.01,0.0
yellow,13.26679,48.49723,0.0,0.01,0.01,0.0
yellow,11.5689,48.47533,0.0,0.01,0.01,0.0
yellow,9.868971,48.4544,0.0,0.01,0.01,0.0
yellow,8.125547000000001,48.46444,0.0,0.01,0.01,0.0
yellow,6.37922,48.53844,0.0,0.01,0.01,0.0
yellow,4.587559,48.67241,0.0,0.01,0.01,0.0
yellow,2.652151,49.10053,0.0,0.01,0.01,0.0
yellow,0.8843648999999999,49.777609999999996,0.0,0.01,0.01,0.0
yellow,-0.9556441999999999,51.0098,0.0,0.01,0.01,0.0
yellow,-2.126686,53.118669999999995,0.0,0.01,0.01,0.0
yellow,-2.4762310000000003,55.11345,0.0,0.01,0.01,0.0
yellow,-2.410891,57.105630000000005,0.0,0.01,0.01,0.0
yellow,-1.9711560000000001,59.051680000000005,0.0,0.01,0.01,0.0
yellow,-0.8578744,61.04928,0.0,0.01,0.01,0.0
yellow,0.8101791,62.38961,0.0,0.01,0.01,0.0
yellow,2.6044650000000003,63.24739,0.0,0.01,0.01,0.0
yellow,4.714361,63.664559999999994,0.0,0.01,0.01,0.0
yellow,6.579279,63.609230000000004,0.0,0.01,0.01,0.0
yellow,8.207811999999999,63.50249,0.0,0.01,0.01,0.0
yellow,9.890821,63.50063000000001,0.0,0.01,0.01,0.0
yellow,11.58949,63.50055,0.0,0.01,0.01,0.0
yellow,13.288110000000001,63.50046999999999,0.0,0.01,0.01,0.0
yellow,14.98678,63.50039,0.0,0.01,0.01,0.0
yellow,16.68546,63.50031,0.0,0.01,0.01,0.0
yellow,18.38413,63.50023,0.0,0.01,0.01,0.0
yellow,20.08275,63.50015,0.0,0.01,0.01,0.0
yellow,21.78142,63.50006,0.0,0.01,0.01,0.0
yellow,23.48009,63.499990000000004,0.0,0.01,0.01,0.0
yellow,25.17876,63.49991,0.0,0.01,0.01,0.0
yellow,26.92135,63.48737,0.0,0.01,0.01,0.0
yellow,28.634109999999996,63.4065,0.0,0.01,0.01,0.0
yellow,30.213459999999998,63.38451,0.0,0.01,0.01,0.0
yellow,31.6666,63.573409999999996,0.0,0.01,0.01,0.0
yellow,33.21202,63.9258,0.0,0.01,0.01,0.0
yellow,34.590559999999996,64.40786999999999,0.0,0.01,0.01,0.0
yellow,35.56269,65.02808,0.0,0.01,0.01,0.0
yellow,36.16214,65.99101,0.0,0.01,0.01,0.0
yellow,36.546409999999995,67.2742,0.0,0.01,0.01,0.0
yellow,36.56087,68.45705,0.0,0.01,0.01,0.0
yellow,36.17253,69.70867,0.0,0.01,0.01,0.0
yellow,35.555440000000004,70.65186,0.0,0.01,0.01,0.0
yellow,34.51378,71.35808,0.0,0.01,0.01,0.0
yellow,33.14904,71.92593000000001,0.0,0.01,0.01,0.0
yellow,31.64702,72.35766,0.0,0.01,0.01,0.0
yellow,30.18409,72.63133,0.0,0.01,0.01,0.0
yellow,28.654790000000002,72.68083,0.0,0.01,0.01,0.0
yellow,27.0121,72.61365,0.0,0.01,0.01,0.0
yellow,25.296999999999997,72.52199999999999,0.0,0.01,0.01,0.0
yellow,23.54618,72.50049,0.0,0.01,0.01,0.0
yellow,21.84388,72.50048000000001,0.0,0.01,0.01,0.0
yellow,20.141579999999998,72.50046999999999,0.0,0.01,0.01,0.0
yellow,18.43928,72.50046999999999,0.0,0.01,0.01,0.0
yellow,16.737029999999997,72.50046999999999,0.0,0.01,0.01,0.0
yellow,15.03473,72.50046,0.0,0.01,0.01,0.0
yellow,13.33244,72.50044,0.0,0.01,0.01,0.0
yellow,11.630139999999999,72.50043000000001,0.0,0.01,0.01,0.0
yellow,9.927888000000001,72.50043000000001,0.0,0.01,0.01,0.0
yellow,8.194901,72.51495,0.0,0.01,0.01,0.0
yellow,6.506506,72.56668,0.0,0.01,0.01,0.0
yellow,4.947414,72.54234,0.0,0.01,0.01,0.0
yellow,3.37479,72.34505,0.0,0.01,0.01,0.0
yellow,1.802544,72.0587,0.0,0.01,0.01,0.0
yellow,0.3413333,71.65302,0.0,0.01,0.01,0.0
yellow,-0.9585239,71.04158000000001,0.0,0.01,0.01,0.0
yellow,-2.3105919999999998,70.20893000000001,0.0,0.01,0.01,0.0
yellow,-3.61275,69.27741,0.0,0.01,0.01,0.0
yellow,-4.849538,68.26369,0.0,0.01,0.01,0.0
yellow,-6.000783,67.17478,0.0,0.01,0.01,0.0
yellow,-7.032744,66.01524,0.0,0.01,0.01,0.0
yellow,-7.8844389999999995,64.79778,0.0,0.01,0.01,0.0
yellow,-8.532362,63.46989,0.0,0.01,0.01,0.0
yellow,-9.039188000000001,62.00434,0.0,0.01,0.01,0.0
yellow,-9.43465,60.45769,0.0,0.01,0.01,0.0
yellow,-9.744997,58.86071,0.0,0.01,0.01,0.0
yellow,-9.993002,57.23025,0.0,0.01,0.01,0.0
yellow,-10.19786,55.57411,0.0,0.01,0.01,0.0
yellow,-10.381910000000001,53.89682,0.0,0.01,0.01,0.0
yellow,-10.558489999999999,52.2242,0.0,0.01,0.01,0.0
yellow,-10.67768,50.58982,0.0,0.01,0.01,0.0
yellow,-10.74024,48.93512,0.0,0.01,0.01,0.0
yellow,-10.76178,47.26762,0.0,0.01,0.01,0.0
yellow,-10.75052,45.59026,0.0,0.01,0.01,0.0
yellow,-10.71542,43.90095,0.0,0.01,0.01,0.0
yellow,-10.66779,42.20296,0.0,0.01,0.01,0.0
yellow,-10.62016,40.50492,0.0,0.01,0.01,0.0
yellow,-10.57253,38.80689,0.0,0.01,0.01,0.0
yellow,-10.52723,37.10582,0.0,0.01,0.01,0.0
yellow,-10.5025,35.3834,0.0,0.01,0.01,0.0
yellow,-10.50044,33.67904,0.0,0.01,0.01,0.0
yellow,-10.5005,31.97865,0.0,0.01,0.01,0.0
yellow,-10.50057,30.278259999999996,0.0,0.01,0.01,0.0
yellow,-10.500630000000001,28.57788,0.0,0.01,0.01,0.0
yellow,-10.500689999999999,26.877540000000003,0.0,0.01,0.01,0.0
yellow,-10.50075,25.17715,0.0,0.01,0.01,0.0
yellow,-10.50082,23.476770000000002,0.0,0.01,0.01,0.0
yellow,-10.50088,21.77638,0.0,0.01,0.01,0.0
yellow,-10.50094,20.07604,0.0,0.01,0.01,0.0
yellow,-10.501,18.37565,0.0,0.01,0.01,0.0
yellow,-10.50107,16.67527,0.0,0.01,0.01,0.0
yellow,-10.50113,14.974879999999999,0.0,0.01,0.01,0.0
yellow,-10.50119,13.27449,0.0,0.01,0.01,0.0
yellow,-10.50126,11.57415,0.0,0.01,0.01,0.0
yellow,-10.50132,9.873768,0.0,0.01,0.01,0.0
yellow,-10.501380000000001,8.173382,0.0,0.01,0.01,0.0
yellow,-10.501439999999999,6.472995,0.0,0.01,0.01,0.0
yellow,-10.501510000000001,4.772656,0.0,0.01,0.01,0.0
yellow,-10.50157,3.072269,0.0,0.01,0.01,0.0
yellow,-10.50163,1.371882,0.0,0.01,0.01,0.0
yellow,-10.50169,-0.3285051,0.0,0.01,0.01,0.0
yellow,-10.50176,-2.028892,0.0,0.01,0.01,0.0
yellow,-10.50182,-3.729227,0.0,0.01,0.01,0.0
yellow,-10.50188,-5.429614,0.0,0.01,0.01,0.0
yellow,-10.50194,-7.130002,0.0,0.01,0.01,0.0
yellow,-10.50201,-8.830389,0.0,0.01,0.01,0.0
yellow,-10.50207,-10.53073,0.0,0.01,0.01,0.0
yellow,-10.502130000000001,-12.231110000000001,0.0,0.01,0.01,0.0
yellow,-10.502189999999999,-13.9315,0.0,0.01,0.01,0.0
yellow,-10.50226,-15.63189,0.0,0.01,0.01,0.0
yellow,-10.50232,-17.33223,0.0,0.01,0.01,0.0
yellow,-10.50238,-19.032610000000002,0.0,0.01,0.01,0.0
yellow,-10.50245,-20.733,0.0,0.01,0.01,0.0
yellow,-10.502510000000001,-22.43338,0.0,0.01,0.01,0.0
yellow,-10.51051,-24.13361,0.0,0.01,0.01,0.0
yellow,-10.52869,-25.833560000000002,0.0,0.01,0.01,0.0
yellow,-10.54687,-27.53357,0.0,0.01,0.01,0.0
yellow,-10.56505,-29.23358,0.0,0.01,0.01,0.0
yellow,-10.58323,-30.93358,0.0,0.01,0.01,0.0
yellow,-10.590069999999999,-32.62506,0.0,0.01,0.01,0.0
yellow,-10.583269999999999,-34.30986,0.0,0.01,0.01,0.0
yellow,-10.55605,-35.98761,0.0,0.01,0.01,0.0
yellow,-10.498510000000001,-37.655590000000004,0.0,0.01,0.01,0.0
yellow,-10.43174,-39.35533,0.0,0.01,0.01,0.0
yellow,-10.36306,-41.05106,0.0,0.01,0.01,0.0
yellow,-10.26768,-42.71155,0.0,0.01,0.01,0.0
yellow,-10.11991,-44.3417,0.0,0.01,0.01,0.0
yellow,-9.889999000000001,-45.921890000000005,0.0,0.01,0.01,0.0
big_orange,11.05,72.51,0.0,0.01,0.01,0.0
big_orange,10.50062,72.52056,0.0,0.01,0.01,0.0
big_orange,11.06,75.48,0.0,0.01,0.01,0.0
big_orange,10.48,75.4751,0.0,0.01,0.01,0.0
car_start,9.757093,74.00039,-0.005649097,0.0,0.0,0.0
